,TCGA-06-0238-01A,TCGA-06-0171-02A,TCGA-28-5218-01A,TCGA-06-0130-01A,TCGA-06-2557-01A,TCGA-27-2526-01A,TCGA-06-0152-02A,TCGA-06-0139-01A,TCGA-06-0190-01A,TCGA-02-2486-01A,TCGA-12-0616-01A,TCGA-12-0619-01A,TCGA-06-0190-02A,TCGA-12-3650-01A,TCGA-32-2632-01A,TCGA-02-2485-01A,TCGA-41-4097-01A,TCGA-02-0055-01A,TCGA-06-5410-01A,TCGA-32-2615-01A,TCGA-16-0846-01A,TCGA-06-0158-01A,TCGA-27-1832-01A,TCGA-06-0210-02A,TCGA-28-2513-01A,TCGA-06-0184-01A,TCGA-06-0686-01A,TCGA-28-5215-01A,TCGA-06-0138-01A,TCGA-41-3915-01A,TCGA-06-0749-01A,TCGA-27-1830-01A,TCGA-28-1753-01A,TCGA-14-0736-02A,TCGA-06-0645-01A,TCGA-28-5213-01A,TCGA-06-2559-01A,TCGA-26-5132-01A,TCGA-27-1834-01A,TCGA-06-0644-01A,TCGA-28-2509-01A,TCGA-06-0156-01A,TCGA-12-5295-01A,TCGA-19-0957-02A,TCGA-28-5216-01A,TCGA-06-0168-01A,TCGA-14-1825-01A,TCGA-19-1787-01B,TCGA-41-2571-01A,TCGA-32-1982-01A,TCGA-26-5136-01B,TCGA-06-0649-01B,TCGA-06-5412-01A,TCGA-14-0817-01A,TCGA-06-5413-01A,TCGA-06-0750-01A,TCGA-06-0141-01A,TCGA-32-1980-01A,TCGA-28-1747-01C,TCGA-14-1829-01A,TCGA-06-2561-01A,TCGA-06-5859-01A,TCGA-32-1970-01A,TCGA-06-0132-01A,TCGA-06-0745-01A,TCGA-19-5960-01A,TCGA-06-0646-01A,TCGA-12-3652-01A,TCGA-32-2638-01A,TCGA-14-0789-01A,TCGA-06-5416-01A,TCGA-32-2616-01A,TCGA-16-1045-01B,TCGA-14-0871-01A,TCGA-12-1597-01B,TCGA-32-2634-01A,TCGA-06-0211-02A,TCGA-28-5204-01A,TCGA-02-2483-01A,TCGA-19-2624-01A,TCGA-12-3653-01A,TCGA-02-0047-01A,TCGA-19-2625-01A,TCGA-19-4065-01A,TCGA-06-1804-01A,TCGA-26-5135-01A,TCGA-76-4927-01A,TCGA-06-5856-01A,TCGA-27-2519-01A,TCGA-06-2564-01A,TCGA-19-2629-01A,TCGA-14-0781-01B,TCGA-28-2514-01A,TCGA-06-0129-01A,TCGA-06-0743-01A,TCGA-26-5133-01A,TCGA-06-0744-01A,TCGA-06-5414-01A,TCGA-06-0210-01A,TCGA-12-0821-01A,TCGA-19-1390-01A,TCGA-06-5411-01A,TCGA-27-1831-01A,TCGA-32-4213-01A,TCGA-28-2499-01A,TCGA-06-0125-02A,TCGA-15-1444-01A,TCGA-32-5222-01A,TCGA-15-0742-01A,TCGA-26-5134-01A,TCGA-12-5299-01A,TCGA-12-0618-01A,TCGA-76-4931-01A,TCGA-06-2565-01A,TCGA-06-0157-01A,TCGA-06-2567-01A,TCGA-06-5418-01A,TCGA-06-2563-01A,TCGA-14-2554-01A,TCGA-27-2523-01A,TCGA-06-2562-01A,TCGA-14-0787-01A,TCGA-06-0211-01A,TCGA-27-2524-01A,TCGA-06-0747-01A,TCGA-14-1402-02A,TCGA-41-2572-01A,TCGA-28-5207-01A,TCGA-08-0386-01A,TCGA-06-0174-01A,TCGA-06-0878-01A,TCGA-76-4928-01B,TCGA-28-2510-01A,TCGA-19-1389-02A,TCGA-19-4065-02A,TCGA-06-0125-01A,TCGA-06-0178-01A,TCGA-14-1034-01A,TCGA-06-0187-01A,TCGA-19-2620-01A,TCGA-06-5858-01A,TCGA-06-0882-01A,TCGA-19-2619-01A,TCGA-41-5651-01A,TCGA-28-5208-01A,TCGA-28-5220-01A,TCGA-76-4929-01A,TCGA-28-5209-01A,TCGA-06-5417-01A,TCGA-27-2528-01A,TCGA-06-2558-01A,TCGA-14-1823-01A,TCGA-26-5139-01A,TCGA-27-1837-01A,TCGA-06-0219-01A,TCGA-76-4932-01A,TCGA-06-0211-01B,TCGA-26-1442-01A,TCGA-06-0221-02A,TCGA-06-5408-01A,TCGA-27-2521-01A,TCGA-76-4926-01B,TCGA-06-2570-01A,TCGA-27-1835-01A,TCGA-76-4925-01A,TCGA-14-0790-01B,TCGA-14-1034-02B,TCGA-06-2569-01A
NCKAP1L,10.9608849032505,13.6781834345922,11.6955791480552,12.4140917683278,12.2555543494007,10.2450219568105,11.6007402496939,13.0435957440535,11.4086881389759,12.1111214040814,10.4666305524255,11.5860346547986,12.0338796347451,10.3071566351016,11.782514219649,9.57253861385845,11.3532075105343,11.427346941391,13.2190184595692,10.9479070950578,11.0264336278495,11.3527812856018,11.217736083426,12.5396363634527,12.0930743656733,12.031468761472,10.4296952722994,11.3359803328512,10.9078281807374,11.2705197231666,11.2892518676159,10.9338077929977,11.8439412024553,11.2142054997847,12.5849422973822,12.0251040603702,10.2841269938121,10.1652880605381,11.7219432227772,11.5848529148914,10.7744848041156,11.0347339277383,11.3176380947024,11.1037758329203,10.4791703575463,11.7688419124095,10.057980957192,11.3327807578111,10.1089248959313,11.2222724136987,11.1687557880909,11.7241968632694,12.1409295325631,11.6099214085855,10.9916149557152,10.6425666200757,11.8131934281365,11.6944041372306,11.8741144102932,10.5660789129092,11.5323750787625,11.0346325649772,10.2982121489882,12.4595409216184,10.5045375419317,9.72308088123048,11.5845836161755,8.77479487886209,11.4037447999727,12.0358786611684,8.71585128347917,10.7266203426063,12.4286780431634,8.92151183016412,10.5999811621825,9.77253764165013,11.4011206126553,10.4549346262956,10.7520842515547,8.9209812283799,10.1822071871001,11.6229537631137,9.89128437409605,11.6747258652833,10.3754145658251,10.8816553846077,11.5274803862165,10.7962034207191,11.7242910878496,11.3957284447228,11.6261797967371,11.0090642432761,10.0090465953924,11.9615460525805,10.2467738150968,9.62428582500409,9.9884787784976,11.401227664773,11.2637153632541,9.55060231798391,9.99699666050267,10.8585555214784,10.6670522672867,11.5118009228515,10.2588577171919,10.7824018260774,11.8236292202356,11.1588901414474,9.43612732230018,10.3934889692195,10.8890010214759,9.4381022044274,9.84382741783449,10.4356278017084,10.8428887089358,11.6149741498934,11.1280297255994,10.3434069658305,10.8953652228254,10.2139854409924,10.8758469963926,10.6520080185299,11.380537032062,10.8536841482435,9.61609443067938,9.93786674901295,10.2125531731623,10.5705943352722,9.64649627520823,10.3325981891564,11.1920072578661,10.9397619289064,10.4499910617239,11.9008592160484,10.7086635220766,9.88142343740743,10.9761204495798,11.3350126343356,11.1682176007198,10.3269703522603,11.463524539376,11.7466892289711,9.54320266894269,9.38110084443203,11.0675741922909,10.9352185569514,10.2830409999347,9.91724145150344,9.78064049457426,9.18617579840866,10.7660697307899,11.6535017742024,10.8439950296423,11.3527751998677,10.4917571277688,10.2226847580305,10.6862973571924,10.6852586356179,10.0627030966113,9.96394366223923,9.46674062026926,10.1527861638722,11.5335508421735,8.58910786439635,9.73512292061112,8.54638907260427,9.02338949322541,8.10257161036391
SYK,10.6479662804379,12.9904392802284,11.0785621084138,11.8878684532952,11.5200614440462,9.5887765031735,10.6202672073324,12.5072992061225,10.858412443084,11.0424959478154,9.56809233586513,10.9383901586472,11.54453989297,9.75243475376864,11.2871994601221,9.00973329699435,11.0443527006374,10.9668630668926,12.833566431309,10.5373001102726,10.0784713659938,10.5547923859956,10.5380501795424,12.1406604916639,11.1705262702573,11.4809939157241,9.83353892641081,10.8284500964908,10.6638515502435,10.7591212854702,10.8280451865376,10.5210698163898,11.1485470395503,10.9855028930828,11.7768186964387,11.3106001840326,9.81629982274574,9.40162445994011,10.9372081422968,11.1018444862989,10.2431666302317,10.5762790465112,10.4609521388042,10.9011338348415,10.2648635760107,10.80301774099,9.52371627820767,10.0999917188932,9.76336609675947,10.9103234072371,10.2524817564697,11.3556080089687,11.6087254709258,11.0669939103613,10.5467136973988,10.1949112345962,11.4225000054656,11.347304456426,11.0114815007049,10.4658859460152,11.009981319172,10.4663939138758,9.68742918506954,11.8905828530042,10.0105893586582,9.07422298493368,10.7647635282366,8.47738705513785,10.6703379942991,11.6690453719187,9.3209739442511,10.1516897751088,11.6320267566291,8.28086409030224,10.3079051294539,9.4037359102789,10.7294219428854,9.80146562294493,10.2921063455275,8.14885098748359,9.34425804253604,10.9605398077929,9.56864570889674,11.077267085843,9.89026678357734,10.4189909515367,10.7584464027496,10.3096686955361,11.0275459529997,10.7913557555468,10.6642249783294,10.9008457640623,9.65471113076981,10.8481466795522,9.75280484813072,10.420814118145,9.49300451914345,10.4045436839733,11.141781573445,9.14556239763203,9.70306344120287,10.0275395936664,10.4458100553903,10.8023203226273,9.96932429403767,10.4530461278275,11.2113523764806,10.8198494240614,9.08482411524851,9.7911991309423,10.2326158960381,9.16063182738102,9.3912621660647,9.73454490391327,10.3636441271141,10.8339169271933,10.5598508774304,9.57098027806123,10.5332555424033,9.438276343664,10.3740821457216,10.3698734828434,10.6074777491278,10.4074484152291,9.18544041375713,9.76833753905522,9.43184599552095,10.3217715979191,9.27774901613372,9.56379755135022,10.6432074512546,10.5858631949554,10.1270253657201,11.2780000731136,10.2146495246686,9.48022410459094,10.5724528373786,10.994492582581,10.4955941764472,10.0697438472634,10.7896134474242,11.4411224863432,8.8932075937776,9.53343319840728,10.4614182704183,10.5500626720377,10.5027758909849,9.47144823900893,9.25236650715654,8.73344419564945,10.3154059499108,11.2932738525687,10.0868766823256,10.5184836173526,10.3358120159928,10.0611685482629,9.95111771610357,10.2640567187171,9.30486590208057,9.65614614674992,9.09177396456816,9.76891787245475,11.0252537117171,8.19583862960087,9.0903600722085,8.37000472071792,8.67061196969285,7.69567117849937
PTPRC,10.6178936781388,13.4927810487398,11.2611119426171,12.3350408673106,11.7423222833542,9.85240093814877,11.5671292482895,12.7740304194335,11.0630886119509,11.5942908869745,9.73686428023702,11.2467377316635,11.7917505723774,9.68477188164901,11.4310340766461,9.35395342891183,10.8989862323664,11.5814128165411,12.9238401937165,10.764576412499,10.0470992271295,11.0128269820319,10.693118067231,11.5633654503286,11.5423399638569,11.4504731610333,9.59903657923881,10.8858787836814,10.5657128477029,11.0370058784249,10.2847075119564,10.1447503416361,10.7624746522485,11.1719892938273,11.6687230966504,11.9961646875627,10.1096208117197,9.35506692859244,11.2776243963541,10.9812679378296,10.5221333889486,10.9709048488415,11.0835885193406,9.99732930659057,9.88133370519559,10.4015276873124,9.5179784792203,10.4725338993955,8.4403268849323,10.8853799613579,10.7420155292422,11.0939188066693,11.7919235733968,11.0343558213606,11.1968747151929,9.96194897643802,11.5808681225692,11.1192994222101,10.9161068458519,11.0540521888193,11.5717967842178,11.1086104792431,9.57702358388962,11.4360793701431,9.57526569426622,9.1186782680063,11.4055951937024,8.25982114004265,10.6666679600629,11.3766022396507,8.5622597024257,9.97019360415094,11.656061346267,8.92151183016412,9.46028121432196,9.26008778621783,11.1123127155174,10.1633528172955,9.77633249537278,7.85708448328913,10.3042582969729,11.1599932246327,8.22389480274593,11.7067437317918,10.4297499689495,9.63451401423865,10.0792396487308,10.4927768454832,10.8408587338864,10.8659753101967,10.6504805445891,10.4122901003447,9.70373524830001,11.460191315458,9.80232758564534,8.70789102792508,9.13315380758749,11.2754533579852,11.2514329730934,8.68768658795522,9.48121460277707,10.4761946849379,10.3397404589791,10.7941500165631,9.9447586047125,10.6691903562091,11.3947398083007,11.5148315748572,8.57188911110578,9.77990836226916,9.94186936089651,9.05966339965365,9.28071270650524,10.1801391817894,10.6411873082421,10.8836965039069,10.8327874098401,10.2445595159319,10.4528468551472,9.08155338180483,10.5573870029529,10.2256479750028,10.906095428531,9.64183221880669,9.41432647204607,10.1736878391203,9.35335648615608,10.5470680823233,9.39122538157531,9.6705733658518,10.9770629628388,10.0458151864107,9.89973082327677,11.1246522287834,9.83012674060661,9.70937396849975,9.71943229626971,11.0052832190495,10.6122446134267,9.49324129372587,10.919908284935,11.3317417337188,9.04692757042985,8.72132119128719,10.4835275203334,10.8300023022608,9.40219000094486,9.64065104564694,9.35764141325163,8.60558206495136,10.545698736902,11.3093972612304,10.3593969239854,10.1277043398865,10.074333286131,9.61891314167966,10.2373170675139,9.81071796774879,9.48439939216259,9.50323048136863,8.44355005099293,9.46929860984166,10.8275819554357,8.20772653478534,8.89364425098653,8.48151833502239,8.91520924485569,7.44716265247841
PTPN6,10.4937474228056,12.3555806209829,10.5899867036214,11.6625982382936,11.085439302425,10.3277860108332,10.7342087415502,12.2802308905248,10.8708208538563,11.4485257092024,9.83076770571092,10.8240675964507,11.1139035114807,10.0542114133528,11.2030005476483,9.551295171771,10.3752503586093,11.3897409563313,12.2720989470953,10.2293139058193,10.8879012804925,10.6109119503827,10.9219241580094,11.3783993199498,10.628443951257,11.6703825801546,10.2118980615938,10.2245537666552,10.4841035104593,10.4008332446493,11.5216352980444,10.254130830125,10.9211294886037,10.7102811801509,11.5824240245271,11.3708127303591,9.54280315960753,9.94037440752486,10.4533457488246,10.6756242436342,10.3125035259664,10.0263569294422,10.6515182747344,10.3571880457843,9.83758844312804,11.121390442258,9.50643364421287,10.5306077688556,9.89456492097156,10.8769686478273,10.6997138640732,10.4463894515138,11.3674663949944,11.2636985166634,10.4885826895992,10.6237984920371,11.2475665740765,10.9244526837414,11.2439132463067,10.0223168548811,10.8525507360949,10.3491631965313,9.76600834604888,11.4461353593959,10.2540105614926,8.93190977279495,11.0052287031733,8.79146922981468,10.6111022996052,11.042446989814,8.69427921071264,10.1287720945537,10.7344196189908,9.96286407317353,10.0318448294268,9.23687760304466,10.6209881451511,9.81924494255099,10.1160758313119,9.13417266827807,9.96126113113011,10.4530038258655,9.87386549888467,10.8905695286405,9.74858073712494,10.7826855904401,10.4247642632687,9.99372666384561,10.8804696671129,10.3005136184603,10.870359195411,10.3775078651899,9.42163368678651,10.9859238333291,9.92390448984238,9.06625639482055,9.83611095697681,10.6142392427242,10.454370694486,9.19022092178571,9.03287960025899,10.2249248625481,10.2596580865461,10.5271177638844,9.97607433127803,9.78301535436796,10.7888658735237,10.8995120524983,9.4162703317803,9.75705735182968,10.4850096999768,9.17424961116185,9.21479359481203,9.4601366549098,10.074986858408,10.5371517648372,10.5506909023784,9.68149273112477,10.4628083811424,9.64510919735765,10.3920532360595,10.5281183279084,10.413841080425,10.8789868624613,9.41601792411123,9.51158556646782,9.93286400143285,10.0465029411018,9.13685343648651,9.5099363731985,10.3485208546767,10.3278277870943,9.76703933173866,11.2233456698079,10.5748440566819,9.2712245282672,10.4155641475939,10.8013135708274,10.2707782878614,10.2362767832982,10.3619612419085,10.812580155044,9.37314978358886,9.07590039240464,10.0067598754962,9.83887955657196,10.1935210936574,9.44556292867673,9.064053054794,8.86940613276362,9.79564214862676,10.6209089891368,10.2131775879531,10.4269797699561,10.1595343674681,10.0903406425697,9.76031277053415,9.58277619265434,8.98971224582441,9.58580815826294,9.25762661836136,9.74123399749615,10.6313246402377,9.03526989838704,9.16029794056947,8.68565226731157,8.61799828237188,8.4171382863429
CD300A,10.5889529975415,11.5234282941132,9.9902917762303,11.0908460951498,10.5365351402955,9.80614623782249,9.86990027719287,12.6131848836073,10.6335663375341,11.4053751842034,10.3365353579606,10.3379749665289,11.0047594818252,9.78122656408493,10.3976759393889,8.99767206211686,10.0863127227239,10.8755318245069,12.4412032424535,10.5558509039573,10.251184272488,9.80125546432087,10.6406859121385,11.1472180705571,11.4733930825045,10.7313030052536,10.6171781427659,10.1084290860665,11.2107475019929,10.8049822583126,10.3833867692533,10.4606177523655,10.9157053678305,10.8757970972875,12.1577814419386,11.9247179775826,10.1084461537959,9.60957498194208,9.60375697357813,10.2226956929402,10.6606880089541,10.5072855867308,10.0830237566442,10.2485019680121,10.5588538224625,10.3624186869769,9.30117473327804,9.17604176955917,10.3548350568061,10.6265458521396,10.2371257320435,10.1371464743269,11.5845059253811,11.4280744132661,10.287733081731,10.2437976552576,10.8153330219556,10.8919421003572,10.4176401755276,10.7156364406813,9.92954674392518,9.93506390560245,8.9499274836487,11.5508046710646,11.2695066835859,8.17720978887929,11.0741073834504,9.54158860075119,10.4687145559172,11.1736322164617,8.54787451875855,9.95924031859301,10.5392852962789,8.33219020599527,10.3314376798366,8.92431667250124,11.0994159132701,9.41724700864986,11.0062408016023,7.83465958782662,9.77056182007269,10.6984226097262,9.4046011192217,11.4444341487273,8.87096238978903,10.9577122623107,10.3747528885102,10.0937569065891,10.996505304115,9.96288935133005,10.642864863314,10.4944925793655,9.51725490762193,10.3306551599021,9.71411832256965,8.9398612793665,9.96170308560874,10.6584851966082,11.1904613548484,9.02516956031429,9.40987077118076,10.2438515866033,11.1982507089881,10.8543276117944,9.8182244161794,10.1315827685437,10.3429923222321,10.6459612926389,8.78913579221083,9.36943285171613,10.5297985419369,9.35244135373518,9.12449154326395,9.21781651800703,9.9498427631165,10.1684768096386,10.7413386228034,9.10930269606981,10.3877887627664,9.06348093643649,10.5048802876803,9.65299068945462,11.0753639199311,11.4044411019512,8.76892094198372,10.2677387905428,9.93122968321734,9.21991309623061,8.96950692694792,9.61406627352763,10.7044992988827,10.2443505120206,9.17422270476367,10.2202235448183,10.0536136200301,8.96474020222898,11.586786595658,10.3933249869436,10.4359817560018,9.23239857985204,10.3760694982862,10.5436879014761,9.58135184839181,8.83104248509256,9.41769319692506,9.54212785370428,9.95307305124354,9.48262793087448,9.32606449835416,8.28522359161962,9.72097546621779,11.5331393624628,9.8170889935359,9.87080287007987,11.2899840659226,10.2498238268374,9.66026075829536,8.77100841744804,8.40934396802816,9.55695720645723,9.15413768913397,8.94060798023703,10.7799424663976,8.27136888256142,8.61756886546018,7.81446689227199,9.07941223165265,6.90290764582142
NFAM1,9.17151362782707,12.1454982237053,10.5792362549041,11.2949051916996,10.184135246339,8.45395862775826,10.1460909876509,12.217992638797,10.1481351336162,10.6312304427676,9.16349703538674,10.7776114994801,11.3388678887169,9.46350733787795,9.99408144823661,8.51508660218891,9.68356231282035,11.1541734378432,11.3310489327723,9.4671354838847,9.49194880653773,10.212402252929,9.93855276859733,10.5225577191462,10.4891265263584,10.3840949447124,9.1053472520206,9.77246779889606,9.71361338840057,10.3107471110813,10.161754436691,9.27052607235636,10.1505315293519,9.45155197166391,11.2982788639532,10.1011414531862,8.41568927728657,9.2156390255896,9.51282453609591,9.55989369603842,9.37241088839409,9.86095151577462,10.9714254499645,10.0960695389666,9.04457306765723,10.3860112505284,8.29493553720708,10.8231037076033,9.13375049923844,9.26466456875058,9.52634590672984,10.1056921110926,10.3957953955813,9.53943765068089,9.45803790517272,9.75622374305669,10.7826657623605,9.87115347718803,9.99600837384738,8.07825547945457,10.0487917106937,10.3467184778149,8.61182088577656,10.339219467926,9.19166738777212,7.65938192568256,9.83594501666762,7.92776953227381,9.90388013938919,10.3375461388968,8.38998423094366,9.66649437046561,10.5941612052577,8.25448128617886,10.302311738313,8.60777630815232,10.2921613165247,8.63869085948708,9.46246742181267,8.02841358444128,8.45946203496586,9.94120054622767,8.4083105561525,9.53213049355148,8.81808829225326,9.72937054132206,10.1387375345324,9.0062763321311,10.2384988751307,9.37183461787393,10.2208609502565,10.2472161399353,8.52359138702868,9.90977803451199,8.94666099167305,8.32047981186958,8.6031972813709,9.25791698170071,9.65536784006204,8.07054286716547,9.12121056161121,9.34201807203098,8.14580536230306,10.028375878534,8.77594550257663,9.01394225216136,10.1720010656284,8.98670997006004,8.48245328728708,8.72264627524422,9.35106875164359,8.73090952398666,8.42416219360674,8.85786072641894,9.52475575082854,10.5782804780916,10.1285833245898,8.61235810163539,8.78921696319405,8.42085844118501,9.52482231222078,9.05460391957219,9.85328126847821,9.6580767101631,8.50063663775898,7.99671251363817,8.81339956102836,8.7052567006869,8.63039653288869,9.20973717337689,9.44005511249262,9.17502525620316,8.92993712730287,10.5792924402445,9.46297641776886,8.60048331032744,9.05730435867984,9.86096030289046,9.02500930150886,8.85564001942944,9.52804040922879,10.3398976829985,8.55372843954861,8.76752865158499,9.48355046490756,9.82079103802014,9.15198998696727,8.43811368159199,8.4800893600349,7.98811500738722,9.04695111639486,9.11048645564584,9.93914220764427,9.86107142034307,8.31066310586187,8.89660185774494,9.11621188827014,9.26078735344455,8.68656784890005,8.82748412150908,8.2022184453661,8.46524651590313,10.3070090674631,7.48654783649618,8.49181771580151,7.50130075279598,8.10060784461082,10.1154654947568
MNDA,9.92433792825352,12.5641525114965,10.2911273864192,11.5053058182424,10.6739441483343,8.62030509472627,9.68825949094772,12.1798024134764,9.98435114382996,10.9001882191198,8.99435517095161,9.53420613669822,10.372178344636,7.67693266626856,10.1165192461215,8.34167007813988,9.24853030135701,10.0181614495253,12.2827330591961,9.19570342210884,9.69234489545549,9.25591683840995,9.78794057115462,10.4015994801558,9.94852750586093,9.96235904153179,8.64583812907205,9.69640102052763,10.2031553773687,9.8822453836409,9.38711904701342,9.26437222944027,9.60675157691081,10.2930565970423,11.290677890228,10.7034695508806,8.36094277061177,8.52504100145578,9.91898339508874,10.029321354031,9.24030431219542,9.27524231611901,8.83771017971293,8.97355958339934,9.08715869254233,9.71827644798864,8.94634951530134,9.72222629961506,7.94471743905487,9.45796869300637,10.0029398571006,9.94649903661539,10.7939823696536,10.4133003476625,9.89309953560712,9.56347796404317,10.6858737301979,10.2500295410016,10.1873499384078,10.5359855735626,9.74973853868643,8.62910467793578,8.22351480881647,10.854251704092,9.15469599125112,7.8069555201982,10.0121968432409,7.46836739913505,9.21531865383652,10.3652735928656,7.76130115640257,8.99837369529844,10.6923334610841,7.4934345462406,8.53920535026676,7.89575637466318,9.40727961219446,9.64765527288374,9.41711193061087,7.73139371923443,9.05862905209121,9.2689388257408,8.21098442842583,10.4895640494473,9.09100688999136,9.10878108334067,10.1303868912373,9.43757755160756,10.3409526774563,9.52933164988723,9.54157213915885,9.718212134433,8.25809253875961,10.1264268635225,9.24969487960743,8.27053718630416,8.56069689774595,9.72670667618909,10.0782114602124,8.20475970895843,8.00237601269012,10.0550845670718,10.146092177226,10.3433053988621,8.95683374065722,8.48291686305477,9.92365290128588,9.88612482696606,8.44345390444343,8.07185902365321,9.57709979100287,8.00395120532913,8.27347225012558,8.80091675252021,9.13236066885951,10.1766738121562,9.42306090685576,9.12263480985622,9.49288595708125,7.94569953327853,9.35163126481221,9.20366867001691,8.47564121283668,9.17828063143426,8.09848502488762,9.58078332294545,8.77728631553372,8.60120053243346,8.04597045874318,8.70452139472628,9.18977880919949,9.82999890548085,8.98058982908828,10.3560563187024,9.20039138919712,8.19911514612021,9.26270663584157,9.55410012202954,9.31143211953382,7.84960836923218,9.66430204004586,10.3595813437746,7.98306999804561,7.90407388681995,9.58798829301144,10.0502515285229,8.58059270411587,8.29554257135516,8.17490700622264,7.91193048101938,9.67095022833573,10.6525606428034,9.22334035946006,9.55782611598523,9.49060165534015,8.36166271070869,7.66059925066281,8.94161253777696,8.30070069488385,8.88852150675123,7.92059390838833,8.5348581899505,9.27239647277976,8.08404489638207,8.03286316865658,7.76417921331814,7.65586600143355,7.07013589256436
PLCG2,9.07580683917035,11.3898204012856,9.71553065373016,10.1836520675277,10.2988523168415,8.50837333985158,9.66143653085918,10.9306752816068,9.59794244981471,10.2109414423254,8.40872836762629,9.79239297329904,9.98090825565449,8.28745351259029,9.74408583145576,8.20025192506843,9.59118943608315,9.32885387903293,11.4089351430872,9.49165496354512,9.55544426042375,9.80822000252216,9.50220588221669,10.6325874962842,10.1917279080169,10.0440347612118,8.77833996331571,9.60331823019869,8.97497285320813,9.34772067389197,9.40998163078552,9.30290771743726,9.63678158648898,9.66990675633666,10.6236544611548,9.83862286564136,8.63222012682251,8.44466252527872,9.74249776476448,9.69045320964145,8.93808956523682,8.85177304642515,8.94945135053881,9.40239894958143,9.0101999283732,9.93652473107107,8.59875534804908,9.50122914767302,8.50960635613039,9.8975850764937,9.62808736909371,9.89461223827972,10.8767775331387,9.86187070660219,9.17019571110875,9.46512211234547,10.0098314850775,10.2656579664413,10.0646885802965,8.91318498465233,9.76234631334884,8.87873755694973,8.80538136044234,10.5724382175055,8.97325255397816,7.79240669988305,9.93286708227917,7.3910853166374,9.70808138634876,10.0830256501532,7.77812120400371,8.63576940731827,10.1378257727672,8.45288155164272,8.77297483801938,8.75242051446112,9.51131968754384,9.13826746985464,8.94822995279084,7.95164205839861,8.83942804502349,10.129492957853,8.15362343672453,9.28508951176801,8.98321854304815,9.59860170013999,9.80262687607413,9.1067931186748,9.48363461936141,9.30169485469617,9.93235332472373,9.3766726736194,8.61489295268343,9.99524540370354,8.99408431126536,8.43810219829034,8.93195815137743,9.62772820916767,9.64034823953955,8.21273594262117,8.57343047507209,9.03241018971734,9.5410203138778,9.16011283754622,8.692678605576,9.4396842042511,10.0230335710582,9.3891497113984,8.06978304856552,8.86900561107422,8.95182451832886,8.17153240765411,8.37898291505117,8.93262246207487,9.59306952771862,9.90347219021806,9.25233405525049,9.15326849698083,9.36905039619776,8.52487114432354,9.01529464941492,9.21328862334273,9.54815904508794,9.19789143740659,8.55727023875222,8.39569998226449,8.70604083585777,9.23831814851786,8.21446445400395,8.56068693351931,9.34432767085858,9.1147553295222,9.19816865562717,9.60818310132916,8.73772264273045,8.75470235246648,8.81736805347696,9.47971272000645,9.37234025056782,9.00437822911934,9.6314288250865,10.0734787091444,8.49828769288581,8.12028384093036,9.45340645108117,9.17002930600396,8.60102169784828,8.59155448441895,8.27860884916966,8.29716044338205,9.45311430958842,9.93971149756722,9.20572235926214,9.46656536670441,8.54182889808679,8.91505989410499,9.02753978273888,9.34287783960253,8.5206163175679,8.35511512628151,8.13911360943803,8.45902835282466,9.83354407246171,7.96954330211057,8.10099070722209,7.78955347067245,7.69101659020845,7.73404322397566
BTK,9.88588519147713,10.9825672165054,9.01808312576823,10.7685790439854,10.4237476049271,9.39646897152851,9.23007802496921,11.1241285581166,9.65823161985039,10.7965595433435,9.32473243209601,9.4963838474843,9.67150761170136,9.47638016099868,9.98304606505743,8.42380204395656,9.11873180662448,9.68320084243579,11.0625765493647,9.07662796683799,9.63840657568865,9.55569642413236,9.65634476399832,10.2206238725433,9.7456158075897,10.235887878697,8.85458571516729,9.12903495366318,9.74575438838673,9.1535331675678,10.1195804607561,8.94050266855449,9.7781848400407,10.034731693497,10.159458818856,10.572812344215,8.88215266224556,8.6194976830388,9.94616588476405,9.13490022068182,9.23380279407397,8.93206495382615,10.550592784324,9.09929726126123,8.62391423224158,9.2537026443551,8.60965062563463,9.76491855855374,8.47742636404483,9.82502674853785,9.56791107405703,9.53032822797915,10.2656853006909,10.7185405117539,9.48034657099061,8.88031356400971,10.0157045238347,9.64745326325987,10.409984858285,9.84534650208095,10.0371724519797,9.77929640965735,8.8869347842573,10.1727925175848,9.43141409479665,8.1397666340663,9.53746682834725,7.8162409134738,9.19331161564239,9.70080739434258,7.46983917174469,9.02927544918774,10.4556413093638,7.3467513169847,9.39069416120281,8.08921057502489,9.33347795671129,9.20651344232095,8.75800152712203,8.14885098748359,8.97733274926117,9.3137553194559,7.9133701787541,10.2996411162537,8.86663032186868,8.9731206310712,9.48102677846514,9.15256443829595,9.55985313907305,9.71968093079877,9.84325027596161,8.81945546330031,8.31752559880131,10.1927893201708,8.52950314898955,8.04586141516313,8.4562731807581,9.68639706650379,9.37221545233287,8.36343231114311,8.17576098419799,9.2915317386487,9.8336231973035,9.4688266178535,9.03935137316782,8.47910191688758,10.108228847797,10.4830850919064,7.89403169668323,8.54612223463848,8.80520930970312,8.21546633810236,8.28052327615005,8.6797076766553,9.17866557671769,9.64823323574637,9.48744208320035,8.95877891481447,9.63923111514742,8.51004634460479,9.04600308746988,9.27887841481958,8.87404721174835,9.24173295201655,8.34826048329787,8.96112034405858,8.93632086487968,9.29996301771655,8.12471759641427,8.37728915859241,9.35615795359867,9.21260471436599,8.57750606102683,9.72115510668696,8.8099019715241,8.03637445169096,10.1192048647953,9.44591582204083,9.03024094323449,8.70598151018469,9.62309166945826,9.89973000770158,8.12195470894511,7.85522718895027,9.15309482970693,9.86706249769668,8.84290208190642,8.14096749132052,8.21033263861964,7.70983141011998,9.27526270907678,10.0931918335745,8.94118627706571,9.4230846745776,9.86868000393652,8.63516394180809,8.93087582412913,8.74369858748072,7.92339356390395,8.47550525239677,7.97973386179718,8.72269286892605,9.54604901843871,7.68173902373041,8.14104412302961,7.96257999710248,7.60137169571957,6.80336628273647
KLHL6,8.1703121035231,10.5233419452222,8.54468845897411,9.83296387232755,10.018142280779,7.77280441872691,8.95863382878861,10.6834844544154,9.1896587689887,9.64134658186302,8.80723792129419,9.12113726714163,9.39332722908153,9.05484284136262,8.31115678579856,8.52187055044113,8.54040758478897,9.04960376772837,9.96372574027877,8.72295351371739,8.90930056590189,8.79182840907156,8.48776702950971,9.14193973385203,9.50069871201638,9.91638124816424,8.13346977913491,8.48623828932503,8.91617423167922,8.72614889393413,10.2540795876107,8.13281408087876,10.270184809675,7.87221689573937,9.39494555404946,8.90494847178269,8.95746423084273,8.41682152872892,8.72281747508756,8.61837683659122,7.94183289008192,8.58277283276687,9.05308052855934,8.90628293334352,7.99742206993791,8.10542972001407,8.05924704977421,8.59064773985058,8.21431002122706,9.00285607276349,8.69175649759015,8.72383164341203,9.71099769146471,8.44159893684715,8.31867357904506,8.07326879020703,9.98250249397563,8.71357116689184,9.55319732925411,7.94467356905762,8.91749183640423,9.14481391635283,7.89997808688815,8.94528816153337,8.12303241400228,7.7120905148516,8.62234084968859,7.01079529326867,8.60935372263761,9.11758118397944,6.88285731759669,8.18258589048446,9.64350840429816,7.12148931391143,8.96663798682335,7.81412099922068,8.41942941612818,8.08855250315255,8.14799106626772,7.75555593088696,8.30193426348842,9.29152218648022,7.15064980389489,8.86516292590105,8.06235362844485,8.45619316153927,8.33318043343609,8.06632555853459,7.91803398763037,8.69417330336039,9.14351919959695,8.72271106423192,8.01869083599854,9.84561547129261,7.70270606917909,7.19830280430292,7.80273249466142,8.73842615012524,8.80599270216515,7.16027755796022,8.71435383573026,8.61549695217353,8.32286376073368,7.85310830912612,7.63149485877412,8.75271376078383,10.4311881780562,9.45594607489529,7.04102178406487,7.70835200167458,7.87238153901026,8.26450678539027,7.34108842828297,7.72553488969452,7.97623570717475,8.66935191169028,8.65810472170623,7.93532864486747,7.68853534654883,7.16714757575557,7.98271414089351,7.92691966536219,8.52548183003562,7.76085906129602,7.42297915542216,7.65143515218161,8.00978562028863,8.05338447306126,7.4463500079593,7.62178401400341,8.53560307424501,8.13395226625494,8.26233700321855,8.69118853594179,7.73197166148399,7.61272307288119,7.91606197594525,7.66632601864438,7.90290304193479,8.47612028200587,9.16006992358436,8.97162100563535,7.7342871114402,7.67623397072286,7.99888961789521,8.16566420847182,8.05482500526404,7.56089447999057,7.5512017210152,7.38294489222123,8.05367981353798,8.13278248383991,8.26443467063143,8.02419849521554,7.95843360373247,7.70784616735369,7.62863872380369,8.00833828531396,7.85847308208706,7.54314399452216,7.49953620494483,7.53506091886009,8.99180682775912,7.15894703923118,7.18401418861764,6.71167646397383,6.98723000087722,7.13122580779216
PTPN22,7.27516176022673,8.93474265820566,7.65348892877862,9.25442656605317,7.60441229914666,7.27114394497695,7.78079833082224,9.30421309020197,7.83868092477101,8.31202595385627,6.94720537324534,7.67818278715448,8.90402655891766,7.16688717012345,7.11856915026379,6.90353699223894,7.39599836429142,8.95367927660023,8.52478919816433,7.55087429710017,6.94028424814784,7.7507188662209,7.48484562212904,7.81905075791074,7.1661606323875,7.75700880428462,6.640488131442,6.98549718518692,7.28171715990581,7.54986737643295,7.04047282723428,7.32511083901169,7.88225608045259,7.42194742351509,7.77869946605143,8.48184905585573,7.25629002049898,7.03140974371244,7.31527568103553,7.79667103000153,7.44511512323398,7.40808391823958,7.79250536901553,7.25059434004754,7.04161190197178,7.35681601098277,6.34499834279323,7.10027557024552,6.17020112968254,7.48175166479361,7.82062572266252,7.73589524069407,7.78517243810443,7.60807158691304,7.64650028473399,7.22166202878528,8.40425022445309,7.1680586148432,7.02669903187607,7.62124908357216,7.94411210275458,7.77029049644344,6.45428176394525,7.0932654471997,6.71284724596229,6.48024729033652,7.46690696992304,6.6585103028269,7.93788579305694,7.86668163002353,6.68432938864383,6.98426514555583,8.15265458750854,6.3788695596258,6.73367506235647,6.6824998360746,7.87489047949488,6.80597834371827,6.99362551047108,6.62905405727352,7.22116210856695,7.01910779109752,6.76541846495514,8.97599860656589,6.5311344042451,6.73965225202173,6.56887703353035,7.31711800224733,7.19857421996856,7.68141466872337,6.25511334760327,7.51100493700133,6.17431976864429,7.16864983514894,6.57910840646927,6.2781364762647,6.62623468958977,7.56766671867304,7.64951814477073,6.45273831125181,6.67313092147065,6.85216287465155,7.72682304857293,7.68190192564612,7.42615636368335,7.14983588255477,6.37268452038403,7.91336024115812,6.32883322305717,7.27968953095484,6.55823803211819,6.71605863807943,6.50954855836377,7.36980020609241,7.05599805577592,7.42199167692848,7.61374179824378,6.96635316226086,7.02758583618463,6.30921556097706,7.26716186466555,7.15812605985316,7.60319440653526,6.91854277241267,6.23710616002626,7.14696319671229,7.46837550331066,6.53135183011147,6.3584550675059,6.54928263407461,7.75293775603914,7.39015920181601,6.60007642579181,8.58598897326344,7.75348799549699,6.97279116141076,7.09608737459429,7.56799209468867,6.87232322421687,6.83491994864785,7.19941966427507,7.10070318399127,6.30371309939325,6.36774834446044,6.98339337177911,6.66935341485689,6.85167742432259,6.51338160624757,6.65002964187726,5.99204857745719,6.95991069972203,7.63143234385406,6.94832271896208,6.4103783208581,6.83301321583859,6.73627109547297,6.46789152767402,6.0251434640245,6.19899423853666,6.75439266293383,6.23635063943233,6.68088480476607,6.66194174529418,6.23636633573193,6.26748158306613,6.31895499802323,6.75906588508024,5.98806194801913
LCK,7.05283805901066,8.90406217298244,9.40512328843381,9.16441101525524,8.32070242342041,8.23037378620334,9.16050586085411,8.66366930776242,7.71787904890723,7.91234496208439,7.54714244771712,6.84154343736204,8.07000789833447,6.92631070021496,8.24259210435372,7.09121558923713,7.66677573807106,7.25707643353912,7.37928752733881,7.45072989487441,7.61666893056536,6.78172106674787,7.523340279174,7.91648124263743,7.31819375476158,6.79301672347754,6.28771540443458,7.06778786757711,7.01762734976116,7.76384858657188,7.1288236137922,6.95465969249351,7.27623545926129,8.55142231763566,7.19850855849071,7.74930552659248,6.06880212717957,7.07942832511104,7.44671692029028,7.97767573359767,6.21793960207838,7.23108928487149,7.60557153759465,6.56794024130023,6.25996328808319,7.05818065076052,6.04794522142023,6.94415215325574,5.77127772554639,8.11572704421755,7.33556875323766,7.52174044041616,7.18789647656394,7.45782210997486,7.48569118484723,6.72061919653225,7.49311885456656,7.46202639635253,7.34055230976551,7.15341984071894,6.91082013331449,7.39958484289665,6.4700020159365,7.42434804717814,6.71284724596229,6.61152053698437,6.52789941279534,6.96407834581619,6.79215160477806,7.29225763979653,6.53737868714408,7.16598367534512,7.64425744280774,6.10971679048331,6.24925678282513,6.03091076984312,7.45745015425556,6.85362799916657,6.71650617860109,6.1118758556272,7.1331626685611,6.23722560311394,5.84692222199482,7.0450733962422,6.43814922065815,6.50943703104096,6.65683592573089,6.4397064553894,7.33842796422749,6.54453712780052,6.52707790283112,6.83712162939182,5.9628875067979,6.55765813025498,7.36487243802133,6.58266927430711,6.71612513203845,6.75976721304912,6.69067939441256,6.66720470781644,5.59753115770552,6.49668538748402,7.43055709736827,8.23117837298108,6.74947050238783,6.4779946010452,6.3883457756383,6.40747381012791,5.94281187534469,6.37401646010248,6.11668697645745,5.82069825155987,6.10332462637439,7.05633756022274,7.39363496775543,7.42199167692848,6.10418833854139,6.97696752278572,7.11884470384969,6.37453614903481,6.03797513138656,6.52719472919804,7.16423083457481,6.81101456605089,5.78098033473037,7.46570034312737,6.69541034889976,6.86333754081761,5.94892014738263,5.92085798642007,6.46391892742643,6.93631832243667,6.38148381401454,6.35151557862345,6.76295863590956,6.11360264524058,6.85245049494423,6.92250975563152,6.21659004447051,6.12411523519366,6.08906185654373,6.81569211289378,6.25189075136767,6.34674537327989,6.50532516824343,6.71428380166646,6.41948533017855,5.95903853224986,6.03529512737788,6.07130857310323,6.64570340477806,7.22152056136991,6.61987993837827,6.56906883713993,6.6694703764959,5.97261723883953,6.39622425823419,5.91609139755311,6.1056091340804,6.1080192730433,6.1949779327876,6.65666048083363,6.10782909402191,6.39737169335346,6.06708433985159,6.37355027885207,5.92617229516158,5.85872273486793
TEC,6.21838422594871,8.03247900143658,7.24106346146429,7.60345163427641,6.92820140879283,5.92834862064271,6.22215669133355,7.72924971934894,6.72393744592888,6.51089194475199,6.24878837778262,7.15536787726739,7.6319845299105,6.21133990289123,6.2078183190499,5.96428784196735,6.70516130174738,6.93051906688065,7.88110451895237,6.50488875046234,6.34562389248877,6.18290049614309,7.17027613293857,6.35202789979546,6.69534837082336,6.43117895075403,5.86092683754336,6.144187748465,6.16943563484848,6.48957541210851,6.07598765488025,6.13140673682712,7.20283620294923,6.5412536191415,7.11722314691144,7.26152669349776,6.25888260400592,6.40011902314747,5.88280999017764,7.17479912503179,6.47362768332716,6.46809380837369,6.37186773739898,6.6023100362618,5.9782392200722,6.66457852757214,5.95408675632111,6.1971621977786,5.85499703079514,6.37182663249183,6.46858904115136,6.39285471939974,6.90330659089163,6.30588803939824,6.74949488690023,6.46189085366184,7.30564805830465,6.47685096528136,6.07178323965831,6.18677461214451,6.11773101610987,6.17580602912165,5.81955203086765,6.82210388196422,6.19575961678567,5.90320581454694,6.27319830261157,6.06604711542157,6.56082440021103,6.80425828446043,6.09325896124961,6.21512485961146,7.55214255874915,7.3467513169847,5.88749148082142,5.90822212152496,6.30381904021802,5.52138296298926,6.33253077598703,5.91244026851357,6.06770459859809,6.53076448823142,6.62794980780424,7.10346094137926,5.91209818824545,6.48788556969025,6.11567136797784,6.27385731878928,6.75416381294748,6.31622208460216,6.0490118089425,6.70222165963981,5.77947452972838,6.3750201235787,6.04824482812343,5.77991133008641,5.90452875517047,6.11145446909793,6.38993413166915,5.96884129585231,5.90395473677842,6.14436774506963,6.72346751600547,6.61408087617993,5.87184083333967,6.40371328886376,6.16184283345516,6.56585367766364,5.83666574811046,6.21570439313481,6.22270086901217,5.79196121666798,5.79403837646247,6.32407947754433,6.29583224512911,6.17056029142128,6.41409048295127,5.90278465309336,5.97742476531695,5.75982522515913,6.15145228023002,6.15514542990882,6.23539633389148,6.05087729978936,5.81536776692178,5.89007275672115,5.89289318870615,6.62031706681437,6.02443539495546,5.98222445508322,6.53083158097349,6.38529097669082,6.15407792981909,7.31645612487351,6.80818933906632,6.17066688828402,6.03033957446857,6.07002327185596,6.32736434074851,6.0326533886241,6.33649511229122,7.02575431155605,6.05405108488578,5.71855415198631,6.20357009197702,5.8758142720508,6.01577225186206,5.93175868668622,6.1377999452184,5.99204857745719,6.20508294710685,6.29890080008982,5.92560194663698,5.83180096190766,6.10100745944055,5.97261723883953,5.81090231266899,6.0251434640245,6.08059161272404,6.59220079178989,5.75554378755725,5.96697635198621,6.17550576371655,5.66330623965562,5.88290464883178,5.67564316889982,6.14860985215768,5.74219254961613
IGLL5,7.33856378889108,7.52250924281443,10.436425949067,7.26920652045417,10.2639209324867,6.96168910117601,5.78267514256422,9.46411088131063,6.24037648569861,7.00563297711859,6.44098024579606,5.95816370307602,8.66418350587785,5.13377474470661,7.30825589095501,5.83839445550841,6.53858185379336,7.54979856692725,7.91875397669467,5.13377474470661,5.67773988813193,5.42514838136551,8.57638189910186,7.73819070579825,6.74515163368894,5.53102333307273,5.78550957824662,10.1925629537601,5.57650221531963,6.83685460624256,5.91923788546945,7.65261605629659,6.3674997409356,10.8699396955622,6.26421042136488,9.00416547445718,5.69548251733432,6.61480562665063,5.54724523084654,6.28998639469914,5.74155291749026,9.48672700416652,6.22196038723439,7.38248397430014,5.39169719973143,6.40191353153882,5.13377474470661,6.00015779818631,5.37640733085299,6.17869127137248,6.69307400681057,9.53238949659514,6.3009161229872,6.65974417786661,8.07142678641341,6.38614928117167,8.48848591885167,6.85985258844316,5.53351454567889,8.99323646656252,6.03479540227426,5.98251200696552,5.44276828565344,7.28515594925717,5.13377474470661,6.19118774680097,5.44566735476835,5.94455545265341,5.41927851828639,5.13377474470661,5.73547834242269,5.82711104613644,5.49201709481273,5.93555102890575,5.13377474470661,5.63420477824867,7.87489047949488,5.87020105137948,5.61174064473595,5.3371062106434,5.70313879690267,6.26317741903088,5.52715097045583,6.41946986938972,6.20442332539235,5.50158249973344,5.41096395872418,5.86585547121636,6.44766974031504,5.13377474470661,5.73334393732047,6.47203686388173,5.13377474470661,6.09511947690059,7.02254134315774,5.85470573534518,5.46561577726453,5.68024587359218,6.31784478242365,5.44238376444882,5.54892542854187,6.82216596692706,6.19220091324315,6.26421091345139,5.60359702943767,5.60275358039716,5.68598365495037,5.51777032646457,5.37013151483776,7.21039893777636,5.13377474470661,5.41641443569238,5.79403837646247,6.01104484997228,5.3552268469533,5.9536345305039,5.84394214086867,5.3581799590353,6.61850818007636,5.34391365312618,5.56541780868021,5.68778305044813,6.17265777208932,5.39209244924461,5.13377474470661,7.50699290005951,6.25041901334347,5.5803547091567,5.34686145375551,5.36357141218362,5.5911107039648,5.43341723325292,5.54629743345402,5.39493965368509,5.38131889914926,5.33747824714141,6.61882040399477,5.82624614049143,5.46723036670935,5.43770859280785,5.3458736536648,5.44283212061934,5.34287832656497,5.54868146336227,6.77444051944374,5.60615894128823,5.53311138114867,5.43867609553629,5.59000136410076,5.52211827652726,5.95960791669201,5.62016106649466,5.46041152902448,5.13377474470661,6.47823038959986,5.52636397396877,5.48974411999841,5.4438010510298,6.05479711422239,6.20450920403903,5.51636052355842,5.82756562629982,5.44706571085086,5.13377474470661,5.3360792329126,5.40590071838054,5.59507036365784,5.53375362311013
CTLA4,6.32932351169991,7.22797398016769,12.4111185791404,7.26053252373649,6.83965114030845,6.91504469357218,7.70069699119424,6.93511750850298,6.24037648569861,6.80032905649856,6.49772576841613,7.26187483696344,6.4691005019842,6.25013148970828,6.62125525940307,6.85762473652494,6.39437297739948,6.67306909656263,7.00660344061556,6.40743863317912,6.50812006874896,6.10510105290218,7.28879021522678,5.68248772790327,6.26357953158278,6.21192031387354,5.86092683754336,6.32940032400096,5.80659497716561,6.12447126197899,6.13102509473823,6.10707297257914,6.44225154473186,6.67076085713434,6.39014320120201,6.64936890588314,6.12033155398171,6.34774615192712,6.5865623672179,6.54058644272171,6.0713613006014,6.59187590746845,6.72338376402616,6.14137853878251,5.70748749580171,6.47386277051908,5.71767494440207,6.21652606819757,5.47650706053252,6.58239458489948,6.46858904115136,6.49710687380987,6.54552226548491,6.23674689979901,6.34510046084361,6.26057676830752,6.95583252367811,6.22850422374574,6.09802053853898,6.49951994670381,6.51825487515463,7.76529113875475,5.96985747920749,6.06287421619556,5.68347124919109,5.9795664270627,5.71448118285136,5.67820029999638,6.29820726060064,6.6586416511802,5.89165982707456,5.73564253693162,6.55631158807032,6.10971679048331,5.93210987352562,5.86224387776578,6.36584104768617,6.01772060885156,5.95432254517993,6.30524588889566,5.70313879690267,6.36047364611551,5.52715097045583,5.90110195089693,6.05041223829268,5.39420527640677,6.11567136797784,6.02576210462368,6.5707025772626,5.63465395646614,6.13736745859911,6.03464204884101,5.66243500563585,6.66059308251851,6.22260677126204,5.53150551253076,5.53975104973067,5.87477739498237,5.92532117800924,5.51138430030921,5.84800417642415,5.97241629376892,5.91828139281929,6.26421091345139,5.65847952044689,5.65753956628133,6.03441151327317,6.00967970331624,6.0057948716978,5.58406420821506,5.70849102727094,5.90001596745574,5.85582639264195,6.07900370978157,5.89287373949736,6.13146057994315,5.77022670742532,5.8707538053386,6.27030939578428,5.64626413691528,6.10787704415369,5.81025587381994,6.48380706199561,5.70835755745838,5.84798679650116,6.15953441178801,5.85037413939065,6.04298184114343,5.864755656428,5.53095960273553,6.03743606187993,6.06669204504336,6.17949321852976,5.71462388818718,6.07680698107824,5.63069886790788,6.07264894027693,6.1041115659471,5.79633357564954,5.80848336922652,5.83105434785747,6.18314319084921,5.88002136277103,5.61232358700339,5.92687476696493,6.06644284992317,5.8575752515682,5.93175868668622,5.13377474470661,5.35843543874055,6.16134453212476,6.41467415659867,5.95710004070831,5.13377474470661,5.69910045104102,5.45465066427869,5.48974411999841,6.39286407605081,5.45441452138892,5.54641876310419,5.44645850056939,6.10592782988681,5.79389818750189,5.66330623965562,5.41964306293961,5.60372922579722,5.13377474470661,6.42143843913682
CD79A,6.50223497316007,6.6106049761858,8.50856843848278,6.22433913244814,8.07180360345538,6.30117221008661,6.50073499971581,6.52028770778891,6.26304218058446,6.40213802582706,6.31711060238831,6.39763059230522,6.56523673967596,6.08372954258819,6.75913898004207,6.29313437395897,6.31386716595914,6.36032019049949,6.46809105305181,5.99262655944215,6.64907217682379,6.06337356375911,6.49068644708548,6.1456527080334,6.15501951040341,6.01126959587025,6.24459275610057,6.91548435766356,5.93492262852962,6.38230240592512,6.25518670819478,6.13140673682712,5.92797793082081,8.67843013156048,6.03573939604564,6.64936890588314,5.98483344400752,6.19248116722847,6.20657417615203,6.54058644272171,5.74155291749026,6.20743633306867,6.22196038723439,5.96188754866985,6.25996328808319,6.47386277051908,5.13377474470661,6.11520871290608,5.89315421062778,6.674088619138,6.54863782586423,7.46914910933098,5.84328057331621,6.39102387043066,7.70479018346655,6.3460509130362,6.28399642718874,6.11247948130795,5.92582937822542,6.65856004795974,5.65956033788952,5.957847425565,5.5699304257073,6.28768887252365,6.03039307945937,5.7532594348972,6.07991856085444,6.13796148126084,6.08615816209998,6.17555546712496,6.16164760917276,5.88149441012037,5.49201709481273,6.10971679048331,6.15609692969472,5.83802972552746,6.32493136632276,6.01772060885156,6.36631748783766,5.98476057423291,5.82889134473768,5.69549238481337,6.08311274565976,5.90110195089693,5.91209818824545,6.12422234328997,5.8605671201525,5.97618858432761,6.09202807968038,5.6743396546461,5.97580626351416,5.71730318816897,5.87734574398054,6.16910375159085,6.30893432152306,6.33894140846589,6.62623468958977,5.95382498216262,6.27970983958158,6.04609070213629,5.87655217067428,5.94802977106241,5.79909179984973,5.98564342435063,5.9726392951905,5.87053249700641,5.88248071133873,5.98265318446529,5.90919117547037,6.12512519754275,5.62040649381855,6.07690229624379,5.76069249681185,6.03434177534899,6.33314124682389,6.11122985813508,5.84394214086867,6.25104517352305,5.97742476531695,6.29218055358699,5.90559862199479,6.15514542990882,6.05697778204664,5.90070124545275,5.93734007670903,6.53458839966342,5.93296111624631,6.09318681628099,5.60853916328457,6.29730500883359,6.14016657793404,6.06669204504336,5.54629743345402,5.65399508149086,5.7840013134888,5.88797907848278,6.44002010997762,5.87306902478268,5.65927880320726,5.56281466604553,5.65100236290514,6.09508672993506,5.88002136277103,6.23434232310409,6.38231061161876,5.8758142720508,5.59440339588512,5.98535509924558,5.77634392841321,5.99204857745719,6.20508294710685,6.05387757412277,5.95710004070831,5.91234401072545,5.88846624012587,5.84551513344061,5.81090231266899,5.91609139755311,6.36136404610553,6.02208132103567,5.62673772040796,5.72697190517688,6.35281208530275,5.83140112714123,5.76890070699085,5.89571843185765,5.72764321350149,5.78352608479485
GCSAM,5.90951942800373,6.75952610697866,6.41861252497976,7.09350046830415,6.41127559527413,5.83644729823731,6.4013734542574,5.95433778959089,5.90861349078799,6.14056161491449,5.8492980601333,6.15677114791868,6.29395003967853,5.9327505222747,5.66700083426026,5.8028863058726,5.97952219452873,5.99775638325368,6.02842130121282,5.91967102151783,6.00289479010587,5.74826702508378,6.43013902219259,6.07322586516024,6.15501951040341,5.69382237547414,5.78550957824662,6.04528666526823,5.97298186087562,6.15376746883542,6.25518670819478,6.00190927919129,6.47769001168331,7.26228525345581,5.94306672927826,6.81117067221416,5.73986106826072,5.5740431150564,6.18181127797232,5.84905673382261,5.3649484134623,6.16360968536097,5.75187401848923,5.67255162030845,5.93995377060227,5.92561475279591,5.95408675632111,5.86482304070401,5.55304516196383,6.02221485855452,6.12416672490925,6.32477041840843,5.87718045942939,5.98982254965224,6.15186912179312,5.60349426312964,6.22355265681757,5.97799579269696,5.92582937822542,6.36942559476885,5.75454143636239,5.81990217170959,5.66695133439954,6.03014187940205,5.68347124919109,5.7862228581818,6.07991856085444,5.60595341067356,5.70203388889831,5.83110887035333,6.09325896124961,5.66541658595017,6.15918630731191,5.70431521640542,5.51383364068054,5.66837907761643,5.90657927798022,5.72352365692865,5.77273490051858,5.73980844909983,5.53767342021923,5.79676478841163,5.88098874963397,6.00101712461002,6.20442332539235,5.65254390722553,5.68563555132383,5.50274857521975,6.06438247029699,5.96939127105931,5.7691528849823,6.03464204884101,5.66243500563585,5.94710579752728,6.10177576308668,5.73880090023919,5.65675076966332,5.59640840273022,5.8299724120663,6.64090704495921,5.59753115770552,5.63649927889615,5.43341829736464,5.98564342435063,5.65847952044689,5.7521657540358,5.79210050779766,5.86344079276824,5.54224892110224,5.58406420821506,5.35222749838207,5.84819818963469,5.55353387343953,5.75880022347626,5.89287373949736,6.00195656722129,5.68606026603439,5.83713536902789,5.88381589693878,5.60201721897002,5.56541780868021,5.52671352706206,6.00577186974248,5.94116115786806,5.56724003325849,5.79058657399729,5.57539925021177,6.06846734483467,5.69452532001204,5.64547272485129,5.69274007468011,5.69187613010253,5.54629743345402,6.3762124498045,5.98015514263052,5.88797907848278,5.98565411047746,5.65936194272463,5.6043142573838,5.56281466604553,5.86143128643342,6.02243230164232,5.6437608164328,5.71855415198631,6.00545523431673,5.75662709462031,5.64823340147862,5.61453623687351,5.13377474470661,5.35843543874055,5.83439433802553,5.62016106649466,5.95710004070831,5.73973283080674,5.69910045104102,5.52636397396877,5.54446810001192,5.4438010510298,5.80917069232312,5.5947357042563,5.8276198705351,5.5546949696689,5.82894699978751,5.59299984677612,5.3360792329126,5.51805275049397,5.40085831415533,5.92629448737939
FCRL3,5.46780608361309,6.55115771348784,6.70221998793317,7.17973408344214,6.46960146778675,5.40160813670084,6.80653555037525,5.6117496801526,6.21714499339966,5.57688264274944,5.8492980601333,5.42870805894041,5.9822689758525,5.13377474470661,5.91944170937037,5.58205236272929,6.01957868797915,5.81535500253067,5.58644087378193,5.63447102989768,5.96973838921176,5.59331512501355,5.83862073072034,5.35891002219304,5.79700850320312,5.64555449186205,5.69937612837953,5.73609031647601,5.64433228193117,5.56957861980479,5.4720736293868,5.52668501880886,6.10060590036507,6.35375783409412,5.54238007481773,5.48758479102344,5.45943728021489,5.71452857767862,5.84515142879121,5.69006929024332,5.46035581868064,5.52102850238201,5.61400240359096,5.55207218416653,5.13377474470661,5.59474048184561,5.13377474470661,5.69457745836211,5.37640733085299,6.37182663249183,5.99555130669789,6.05379497927181,5.58519756166595,5.6134095584426,5.92875679962861,5.60349426312964,5.83266067506166,5.45675751504415,5.36505585638862,5.13377474470661,5.13377474470661,5.54999056784267,5.44276828565344,5.38607871565115,5.49487302780521,5.68102885733957,5.44566735476835,5.40719621028816,5.62668814962455,5.39953957982421,5.51597105098404,5.53662592267009,5.69805820483615,7.23901577771832,5.13377474470661,5.13377474470661,5.65815971225178,5.52138296298926,5.73672998869068,5.13377474470661,5.70313879690267,5.49037594580207,5.13377474470661,5.49225686157778,5.66886994064511,5.65254390722553,5.13377474470661,5.34718830826869,5.13377474470661,5.42392281908702,5.50257732417297,5.51726308741603,5.61681848366931,5.62106985892976,5.82454940510186,5.13377474470661,5.53975104973067,5.49273994295475,5.51767501415615,5.13377474470661,5.13377474470661,6.67107514248395,5.43341829736464,5.89786463938579,5.3694631158005,5.13377474470661,5.13377474470661,5.57674257310351,5.13377474470661,5.58406420821506,5.13377474470661,5.53285356694525,5.13377474470661,5.55225605871156,5.67359743359983,5.59629901787848,5.45393018769426,5.68072586863129,5.45653379127431,5.13377474470661,5.50793493892347,5.13377474470661,5.57472208937185,5.39209244924461,5.35111793578134,5.60019821340637,5.64306356727441,5.63257401352949,5.34686145375551,5.45841460208154,5.45783415139339,5.43341723325292,5.47097864955422,5.39493965368509,5.13377474470661,5.42161670517464,5.53987200247888,5.39765601962528,5.6043142573838,5.13377474470661,5.3458736536648,5.62105281193167,5.34287832656497,5.66820391387721,5.69806560779422,5.3707568412769,5.13377474470661,5.34957278511579,5.77634392841321,5.35843543874055,5.5794780393878,5.13377474470661,5.3649879323384,5.4853316455984,5.13377474470661,5.13377474470661,5.71265481792992,5.4438010510298,5.73060713361996,5.42605365476306,5.44645850056939,5.60396507430062,5.62768950644054,5.78053290340342,5.53739767887996,5.60372922579722,5.40085831415533,5.13377474470661
